{"N_PG_time":{"0":1,"1":1,"2":1,"3":1,"4":1,"5":1,"6":1,"7":1,"8":1,"9":1,"10":3,"11":3,"12":3,"13":3,"14":3,"15":3,"16":3,"17":3,"18":3,"19":3,"20":7,"21":7,"22":7,"23":7,"24":7,"25":7,"26":7,"27":7,"28":7,"29":7,"30":15,"31":15,"32":15,"33":15,"34":15,"35":15,"36":15,"37":15,"38":15,"39":15,"40":31,"41":31,"42":31,"43":31,"44":31,"45":31,"46":31,"47":31,"48":31,"49":31,"50":63,"51":63,"52":63,"53":63,"54":63,"55":63,"56":63,"57":63,"58":63,"59":63,"60":127,"61":127,"62":127,"63":127,"64":127,"65":127,"66":127,"67":127,"68":127,"69":127,"70":255,"71":255,"72":255,"73":255,"74":255,"75":255,"76":255,"77":255,"78":255,"79":255,"80":511,"81":511,"82":511,"83":511,"84":511,"85":511,"86":511,"87":511,"88":511,"89":511},"accuracy":{"0":1.0,"1":1.0,"2":1.0,"3":1.0,"4":1.0,"5":1.0,"6":1.0,"7":1.0,"8":1.0,"9":0.999994278,"10":1.0,"11":0.999994278,"12":1.0,"13":0.999994278,"14":1.0,"15":1.0,"16":1.0,"17":1.0,"18":0.9999885559,"19":0.999994278,"20":0.999994278,"21":0.999994278,"22":1.0,"23":0.999994278,"24":0.999994278,"25":0.999994278,"26":1.0,"27":1.0,"28":1.0,"29":1.0,"30":0.999994278,"31":1.0,"32":1.0,"33":1.0,"34":1.0,"35":1.0,"36":1.0,"37":1.0,"38":1.0,"39":1.0,"40":1.0,"41":0.999994278,"42":1.0,"43":1.0,"44":1.0,"45":1.0,"46":1.0,"47":1.0,"48":1.0,"49":1.0,"50":1.0,"51":1.0,"52":0.999994278,"53":1.0,"54":1.0,"55":1.0,"56":1.0,"57":1.0,"58":1.0,"59":1.0,"60":1.0,"61":1.0,"62":1.0,"63":1.0,"64":1.0,"65":1.0,"66":1.0,"67":1.0,"68":1.0,"69":0.999994278,"70":1.0,"71":1.0,"72":1.0,"73":0.999994278,"74":0.999994278,"75":1.0,"76":1.0,"77":1.0,"78":1.0,"79":1.0,"80":1.0,"81":0.999994278,"82":1.0,"83":1.0,"84":1.0,"85":1.0,"86":1.0,"87":1.0,"88":0.999994278,"89":1.0},"TP":{"0":1.0,"1":1.0,"2":1.0,"3":1.0,"4":1.0,"5":1.0,"6":1.0,"7":1.0,"8":1.0,"9":0.9974026084,"10":1.0,"11":0.9973261952,"12":1.0,"13":0.9970414042,"14":1.0,"15":1.0,"16":1.0,"17":1.0,"18":0.994623661,"19":0.9972677827,"20":0.9971346855,"21":0.9970059991,"22":1.0,"23":0.9970501661,"24":0.9970059991,"25":0.9968652129,"26":1.0,"27":1.0,"28":1.0,"29":1.0,"30":0.9971910119,"31":1.0,"32":1.0,"33":1.0,"34":1.0,"35":1.0,"36":1.0,"37":1.0,"38":1.0,"39":1.0,"40":1.0,"41":0.9971988797,"42":1.0,"43":1.0,"44":1.0,"45":1.0,"46":1.0,"47":1.0,"48":1.0,"49":1.0,"50":1.0,"51":1.0,"52":0.9970238209,"53":1.0,"54":1.0,"55":1.0,"56":1.0,"57":1.0,"58":1.0,"59":1.0,"60":1.0,"61":1.0,"62":1.0,"63":1.0,"64":1.0,"65":1.0,"66":1.0,"67":1.0,"68":1.0,"69":0.9967319965,"70":1.0,"71":1.0,"72":1.0,"73":0.9971264601,"74":0.9971510172,"75":1.0,"76":1.0,"77":1.0,"78":1.0,"79":1.0,"80":1.0,"81":0.9973683953,"82":1.0,"83":1.0,"84":1.0,"85":1.0,"86":1.0,"87":1.0,"88":0.9971751571,"89":1.0},"TN":{"0":1.0,"1":1.0,"2":1.0,"3":1.0,"4":1.0,"5":1.0,"6":1.0,"7":1.0,"8":1.0,"9":0.999997139,"10":1.0,"11":0.999997139,"12":1.0,"13":0.999997139,"14":1.0,"15":1.0,"16":1.0,"17":1.0,"18":0.999994278,"19":0.999997139,"20":0.999997139,"21":0.999997139,"22":1.0,"23":0.999997139,"24":0.999997139,"25":0.999997139,"26":1.0,"27":1.0,"28":1.0,"29":1.0,"30":0.999997139,"31":1.0,"32":1.0,"33":1.0,"34":1.0,"35":1.0,"36":1.0,"37":1.0,"38":1.0,"39":1.0,"40":1.0,"41":0.999997139,"42":1.0,"43":1.0,"44":1.0,"45":1.0,"46":1.0,"47":1.0,"48":1.0,"49":1.0,"50":1.0,"51":1.0,"52":0.999997139,"53":1.0,"54":1.0,"55":1.0,"56":1.0,"57":1.0,"58":1.0,"59":1.0,"60":1.0,"61":1.0,"62":1.0,"63":1.0,"64":1.0,"65":1.0,"66":1.0,"67":1.0,"68":1.0,"69":0.999997139,"70":1.0,"71":1.0,"72":1.0,"73":0.999997139,"74":0.999997139,"75":1.0,"76":1.0,"77":1.0,"78":1.0,"79":1.0,"80":1.0,"81":0.999997139,"82":1.0,"83":1.0,"84":1.0,"85":1.0,"86":1.0,"87":1.0,"88":0.999997139,"89":1.0},"time":{"0":0.28074193,"1":0.2764601707,"2":0.2736809254,"3":0.275673151,"4":0.2760078907,"5":0.2797472477,"6":0.2758948803,"7":0.2776048183,"8":0.2734646797,"9":0.2755358219,"10":0.2789487839,"11":0.2756428719,"12":0.2710618973,"13":0.2672932148,"14":0.2725889683,"15":0.2775192261,"16":0.2773256302,"17":0.2869470119,"18":0.2744209766,"19":0.275042057,"20":0.2764668465,"21":0.2725679874,"22":0.2695598602,"23":0.2697031498,"24":0.2789947987,"25":0.2704718113,"26":0.2692711353,"27":0.2697579861,"28":0.2774209976,"29":0.2759840488,"30":0.2799649239,"31":0.2794139385,"32":0.2715990543,"33":0.2718222141,"34":0.2714297771,"35":0.2712860107,"36":0.2665858269,"37":0.2629711628,"38":0.262087822,"39":0.2752389908,"40":0.2782552242,"41":0.2788617611,"42":0.2779490948,"43":0.271258831,"44":0.2689678669,"45":0.2672770023,"46":0.2701458931,"47":0.2692978382,"48":0.2767980099,"49":0.2798140049,"50":0.2822868824,"51":0.2736949921,"52":0.2731530666,"53":0.2757842541,"54":0.2678098679,"55":0.2687828541,"56":0.2686440945,"57":0.2723388672,"58":0.2704408169,"59":0.2669298649,"60":0.2644588947,"61":0.2681398392,"62":0.2763745785,"63":0.2755849361,"64":0.2730190754,"65":0.2722201347,"66":0.2749717236,"67":0.2721772194,"68":0.2766678333,"69":0.2736971378,"70":0.275375843,"71":0.2746598721,"72":0.2679560184,"73":0.2661991119,"74":0.2727811337,"75":0.2733807564,"76":0.2768831253,"77":0.2776799202,"78":0.2778630257,"79":0.2727730274,"80":0.2722740173,"81":0.274296999,"82":0.2683329582,"83":0.2701985836,"84":0.273329258,"85":0.2640669346,"86":0.2645378113,"87":0.2647509575,"88":0.2746999264,"89":0.2741627693}}