{"N_PG_time":{"0":1,"1":1,"2":1,"3":1,"4":1,"5":1,"6":1,"7":1,"8":1,"9":1,"10":3,"11":3,"12":3,"13":3,"14":3,"15":3,"16":3,"17":3,"18":3,"19":3,"20":7,"21":7,"22":7,"23":7,"24":7,"25":7,"26":7,"27":7,"28":7,"29":7,"30":15,"31":15,"32":15,"33":15,"34":15,"35":15,"36":15,"37":15,"38":15,"39":15,"40":31,"41":31,"42":31,"43":31,"44":31,"45":31,"46":31,"47":31,"48":31,"49":31,"50":63,"51":63,"52":63,"53":63,"54":63,"55":63,"56":63,"57":63,"58":63,"59":63,"60":127,"61":127,"62":127,"63":127,"64":127,"65":127,"66":127,"67":127,"68":127,"69":127,"70":255,"71":255,"72":255,"73":255,"74":255,"75":255,"76":255,"77":255,"78":255,"79":255,"80":511,"81":511,"82":511,"83":511,"84":511,"85":511,"86":511,"87":511,"88":511,"89":511},"accuracy":{"0":1.0,"1":0.999994278,"2":0.999994278,"3":0.999994278,"4":1.0,"5":1.0,"6":1.0,"7":1.0,"8":1.0,"9":0.999994278,"10":1.0,"11":1.0,"12":1.0,"13":1.0,"14":0.999994278,"15":0.999994278,"16":1.0,"17":1.0,"18":1.0,"19":1.0,"20":1.0,"21":1.0,"22":1.0,"23":1.0,"24":1.0,"25":0.999994278,"26":1.0,"27":1.0,"28":1.0,"29":1.0,"30":0.9999885559,"31":0.999994278,"32":1.0,"33":0.999994278,"34":1.0,"35":1.0,"36":1.0,"37":1.0,"38":1.0,"39":1.0,"40":1.0,"41":0.999994278,"42":1.0,"43":1.0,"44":1.0,"45":1.0,"46":1.0,"47":1.0,"48":1.0,"49":1.0,"50":1.0,"51":0.999994278,"52":0.999994278,"53":1.0,"54":1.0,"55":1.0,"56":0.999994278,"57":1.0,"58":1.0,"59":1.0,"60":0.999994278,"61":1.0,"62":1.0,"63":1.0,"64":1.0,"65":1.0,"66":1.0,"67":1.0,"68":1.0,"69":0.999994278,"70":1.0,"71":1.0,"72":1.0,"73":1.0,"74":0.999994278,"75":1.0,"76":0.9999885559,"77":0.9999885559,"78":0.999994278,"79":1.0,"80":0.999994278,"81":1.0,"82":1.0,"83":1.0,"84":1.0,"85":1.0,"86":1.0,"87":1.0,"88":1.0,"89":1.0},"TP":{"0":1.0,"1":0.9971510172,"2":0.9968051314,"3":0.9968944192,"4":1.0,"5":1.0,"6":1.0,"7":1.0,"8":1.0,"9":0.9973333478,"10":1.0,"11":1.0,"12":1.0,"13":1.0,"14":0.9971910119,"15":0.9969879389,"16":1.0,"17":1.0,"18":1.0,"19":1.0,"20":1.0,"21":1.0,"22":1.0,"23":1.0,"24":1.0,"25":0.9973890185,"26":1.0,"27":1.0,"28":1.0,"29":1.0,"30":0.9943977594,"31":0.9970588088,"32":1.0,"33":0.9971428514,"34":1.0,"35":1.0,"36":1.0,"37":1.0,"38":1.0,"39":1.0,"40":1.0,"41":0.9968944192,"42":1.0,"43":1.0,"44":1.0,"45":1.0,"46":1.0,"47":1.0,"48":1.0,"49":1.0,"50":1.0,"51":0.9971098304,"52":0.9969604611,"53":1.0,"54":1.0,"55":1.0,"56":0.9973118305,"57":1.0,"58":1.0,"59":1.0,"60":0.9972375631,"61":1.0,"62":1.0,"63":1.0,"64":1.0,"65":1.0,"66":1.0,"67":1.0,"68":1.0,"69":0.996978879,"70":1.0,"71":1.0,"72":1.0,"73":1.0,"74":0.9969969988,"75":1.0,"76":0.994134903,"77":0.9940476418,"78":0.9971346855,"79":1.0,"80":0.997297287,"81":1.0,"82":1.0,"83":1.0,"84":1.0,"85":1.0,"86":1.0,"87":1.0,"88":1.0,"89":1.0},"TN":{"0":1.0,"1":0.999997139,"2":0.999997139,"3":0.999997139,"4":1.0,"5":1.0,"6":1.0,"7":1.0,"8":1.0,"9":0.999997139,"10":1.0,"11":1.0,"12":1.0,"13":1.0,"14":0.999997139,"15":0.999997139,"16":1.0,"17":1.0,"18":1.0,"19":1.0,"20":1.0,"21":1.0,"22":1.0,"23":1.0,"24":1.0,"25":0.999997139,"26":1.0,"27":1.0,"28":1.0,"29":1.0,"30":0.999994278,"31":0.999997139,"32":1.0,"33":0.999997139,"34":1.0,"35":1.0,"36":1.0,"37":1.0,"38":1.0,"39":1.0,"40":1.0,"41":0.999997139,"42":1.0,"43":1.0,"44":1.0,"45":1.0,"46":1.0,"47":1.0,"48":1.0,"49":1.0,"50":1.0,"51":0.999997139,"52":0.999997139,"53":1.0,"54":1.0,"55":1.0,"56":0.999997139,"57":1.0,"58":1.0,"59":1.0,"60":0.999997139,"61":1.0,"62":1.0,"63":1.0,"64":1.0,"65":1.0,"66":1.0,"67":1.0,"68":1.0,"69":0.999997139,"70":1.0,"71":1.0,"72":1.0,"73":1.0,"74":0.999997139,"75":1.0,"76":0.999994278,"77":0.999994278,"78":0.999997139,"79":1.0,"80":0.999997139,"81":1.0,"82":1.0,"83":1.0,"84":1.0,"85":1.0,"86":1.0,"87":1.0,"88":1.0,"89":1.0},"time":{"0":0.2513101101,"1":0.2624168396,"2":0.2526988983,"3":0.2469069958,"4":0.247481823,"5":0.2488718033,"6":0.2607560158,"7":0.2599537373,"8":0.2472760677,"9":0.2447631359,"10":0.2481410503,"11":0.2450420856,"12":0.2506222725,"13":0.2442119122,"14":0.2545359135,"15":0.2496480942,"16":0.2509331703,"17":0.244161129,"18":0.2474470139,"19":0.2497057915,"20":0.249256134,"21":0.2472729683,"22":0.2468960285,"23":0.249297142,"24":0.2474150658,"25":0.2443959713,"26":0.2510766983,"27":0.2461438179,"28":0.2454099655,"29":0.2443418503,"30":0.2658400536,"31":0.246404171,"32":0.2432780266,"33":0.2397301197,"34":0.2460110188,"35":0.2408578396,"36":0.2489778996,"37":0.24467206,"38":0.2472019196,"39":0.2458021641,"40":0.2507970333,"41":0.2437839508,"42":0.2457389832,"43":0.2406461239,"44":0.2462928295,"45":0.2445671558,"46":0.2433271408,"47":0.2424452305,"48":0.2392680645,"49":0.2431013584,"50":0.2456593513,"51":0.2425808907,"52":0.2424368858,"53":0.2444572449,"54":0.2465667725,"55":0.244399786,"56":0.2429120541,"57":0.2437331676,"58":0.2456638813,"59":0.2390801907,"60":0.2385699749,"61":0.2385621071,"62":0.2532639503,"63":0.2487559319,"64":0.244382143,"65":0.2477781773,"66":0.2476727962,"67":0.2374830246,"68":0.2446811199,"69":0.2465307713,"70":0.2424137592,"71":0.257461071,"72":0.2542169094,"73":0.2510621548,"74":0.2487831116,"75":0.2456037998,"76":0.2425401211,"77":0.241284132,"78":0.2474350929,"79":0.2386279106,"80":0.2426939011,"81":0.2405979633,"82":0.2440330982,"83":0.2479522228,"84":0.2458529472,"85":0.2445909977,"86":0.2453770638,"87":0.2450678349,"88":0.2544660568,"89":0.2504770756}}