{"N_PGs":{"0":8,"1":8,"2":8,"3":8,"4":8,"5":8,"6":8,"7":8,"8":8,"9":8,"10":13,"11":13,"12":13,"13":13,"14":13,"15":13,"16":13,"17":13,"18":13,"19":13,"20":21,"21":21,"22":21,"23":21,"24":21,"25":21,"26":21,"27":21,"28":21,"29":21,"30":34,"31":34,"32":34,"33":34,"34":34,"35":34,"36":34,"37":34,"38":34,"39":34,"40":55,"41":55,"42":55,"43":55,"44":55,"45":55,"46":55,"47":55,"48":55,"49":55,"50":89,"51":89,"52":89,"53":89,"54":89,"55":89,"56":89,"57":89,"58":89,"59":89,"60":144,"61":144,"62":144,"63":144,"64":144,"65":144,"66":144,"67":144,"68":144,"69":144,"70":233,"71":233,"72":233,"73":233,"74":233,"75":233,"76":233,"77":233,"78":233,"79":233,"80":377,"81":377,"82":377,"83":377,"84":377,"85":377,"86":377,"87":377,"88":377,"89":377,"90":610,"91":610,"92":610,"93":610,"94":610,"95":610,"96":610,"97":610,"98":610,"99":610},"accuracy":{"0":1.0,"1":1.0,"2":1.0,"3":1.0,"4":1.0,"5":1.0,"6":1.0,"7":1.0,"8":1.0,"9":0.999994278,"10":1.0,"11":0.999994278,"12":1.0,"13":0.999994278,"14":1.0,"15":1.0,"16":1.0,"17":1.0,"18":0.9999885559,"19":0.999994278,"20":0.999994278,"21":0.999994278,"22":1.0,"23":0.999994278,"24":0.999994278,"25":0.999994278,"26":1.0,"27":1.0,"28":1.0,"29":1.0,"30":0.999994278,"31":1.0,"32":1.0,"33":1.0,"34":1.0,"35":1.0,"36":1.0,"37":1.0,"38":1.0,"39":1.0,"40":1.0,"41":0.999994278,"42":1.0,"43":1.0,"44":1.0,"45":1.0,"46":1.0,"47":1.0,"48":1.0,"49":1.0,"50":1.0,"51":1.0,"52":0.999994278,"53":1.0,"54":1.0,"55":1.0,"56":1.0,"57":1.0,"58":1.0,"59":1.0,"60":1.0,"61":1.0,"62":1.0,"63":1.0,"64":1.0,"65":1.0,"66":1.0,"67":1.0,"68":1.0,"69":0.999994278,"70":1.0,"71":1.0,"72":1.0,"73":0.999994278,"74":0.999994278,"75":1.0,"76":1.0,"77":1.0,"78":1.0,"79":1.0,"80":1.0,"81":0.999994278,"82":1.0,"83":1.0,"84":1.0,"85":1.0,"86":1.0,"87":1.0,"88":0.999994278,"89":1.0,"90":0.999994278,"91":1.0,"92":1.0,"93":0.999994278,"94":1.0,"95":1.0,"96":1.0,"97":1.0,"98":1.0,"99":1.0},"TP":{"0":1.0,"1":1.0,"2":1.0,"3":1.0,"4":1.0,"5":1.0,"6":1.0,"7":1.0,"8":1.0,"9":0.9974026084,"10":1.0,"11":0.9973261952,"12":1.0,"13":0.9970414042,"14":1.0,"15":1.0,"16":1.0,"17":1.0,"18":0.994623661,"19":0.9972677827,"20":0.9971346855,"21":0.9970059991,"22":1.0,"23":0.9970501661,"24":0.9970059991,"25":0.9968652129,"26":1.0,"27":1.0,"28":1.0,"29":1.0,"30":0.9971910119,"31":1.0,"32":1.0,"33":1.0,"34":1.0,"35":1.0,"36":1.0,"37":1.0,"38":1.0,"39":1.0,"40":1.0,"41":0.9971988797,"42":1.0,"43":1.0,"44":1.0,"45":1.0,"46":1.0,"47":1.0,"48":1.0,"49":1.0,"50":1.0,"51":1.0,"52":0.9970238209,"53":1.0,"54":1.0,"55":1.0,"56":1.0,"57":1.0,"58":1.0,"59":1.0,"60":1.0,"61":1.0,"62":1.0,"63":1.0,"64":1.0,"65":1.0,"66":1.0,"67":1.0,"68":1.0,"69":0.9967319965,"70":1.0,"71":1.0,"72":1.0,"73":0.9971264601,"74":0.9971510172,"75":1.0,"76":1.0,"77":1.0,"78":1.0,"79":1.0,"80":1.0,"81":0.9973683953,"82":1.0,"83":1.0,"84":1.0,"85":1.0,"86":1.0,"87":1.0,"88":0.9971751571,"89":1.0,"90":0.9972677827,"91":1.0,"92":1.0,"93":0.9967637658,"94":1.0,"95":1.0,"96":1.0,"97":1.0,"98":1.0,"99":1.0},"TN":{"0":1.0,"1":1.0,"2":1.0,"3":1.0,"4":1.0,"5":1.0,"6":1.0,"7":1.0,"8":1.0,"9":0.999997139,"10":1.0,"11":0.999997139,"12":1.0,"13":0.999997139,"14":1.0,"15":1.0,"16":1.0,"17":1.0,"18":0.999994278,"19":0.999997139,"20":0.999997139,"21":0.999997139,"22":1.0,"23":0.999997139,"24":0.999997139,"25":0.999997139,"26":1.0,"27":1.0,"28":1.0,"29":1.0,"30":0.999997139,"31":1.0,"32":1.0,"33":1.0,"34":1.0,"35":1.0,"36":1.0,"37":1.0,"38":1.0,"39":1.0,"40":1.0,"41":0.999997139,"42":1.0,"43":1.0,"44":1.0,"45":1.0,"46":1.0,"47":1.0,"48":1.0,"49":1.0,"50":1.0,"51":1.0,"52":0.999997139,"53":1.0,"54":1.0,"55":1.0,"56":1.0,"57":1.0,"58":1.0,"59":1.0,"60":1.0,"61":1.0,"62":1.0,"63":1.0,"64":1.0,"65":1.0,"66":1.0,"67":1.0,"68":1.0,"69":0.999997139,"70":1.0,"71":1.0,"72":1.0,"73":0.999997139,"74":0.999997139,"75":1.0,"76":1.0,"77":1.0,"78":1.0,"79":1.0,"80":1.0,"81":0.999997139,"82":1.0,"83":1.0,"84":1.0,"85":1.0,"86":1.0,"87":1.0,"88":0.999997139,"89":1.0,"90":0.999997139,"91":1.0,"92":1.0,"93":0.999997139,"94":1.0,"95":1.0,"96":1.0,"97":1.0,"98":1.0,"99":1.0},"time":{"0":0.2941877842,"1":0.284389019,"2":0.2812459469,"3":0.2909970284,"4":0.2835099697,"5":0.286356926,"6":0.2951729298,"7":0.2723999023,"8":0.2713217735,"9":0.2700538635,"10":0.2748198509,"11":0.2699251175,"12":0.2775859833,"13":0.2755591869,"14":0.2763867378,"15":0.2753317356,"16":0.2772967815,"17":0.2790892124,"18":0.2752139568,"19":0.2795069218,"20":0.2768011093,"21":0.2754309177,"22":0.2743220329,"23":0.2665770054,"24":0.2740550041,"25":0.2687878609,"26":0.2744550705,"27":0.2790141106,"28":0.2760231495,"29":0.2729249001,"30":0.2768340111,"31":0.2722299099,"32":0.2747857571,"33":0.2704348564,"34":0.2717881203,"35":0.2768509388,"36":0.2801449299,"37":0.2782900333,"38":0.2778770924,"39":0.2773940563,"40":0.2821297646,"41":0.2800841331,"42":0.2773640156,"43":0.27227211,"44":0.2684390545,"45":0.2787179947,"46":0.27744174,"47":0.2662780285,"48":0.272233963,"49":0.2698378563,"50":0.2737181187,"51":0.2775239944,"52":0.2746529579,"53":0.276599884,"54":0.2810988426,"55":0.2772300243,"56":0.2707271576,"57":0.2726631165,"58":0.2721259594,"59":0.2738509178,"60":0.2724869251,"61":0.2669448853,"62":0.2721500397,"63":0.2761318684,"64":0.2766427994,"65":0.2783322334,"66":0.2739162445,"67":0.2771909237,"68":0.2836530209,"69":0.2734909058,"70":0.2748160362,"71":0.2745206356,"72":0.2720799446,"73":0.2755329609,"74":0.2768468857,"75":0.2736709118,"76":0.2677853107,"77":0.2717690468,"78":0.2746918201,"79":0.2843520641,"80":0.2754719257,"81":0.2801301479,"82":0.2792067528,"83":0.2737259865,"84":0.2743742466,"85":0.2724101543,"86":0.2712619305,"87":0.2806820869,"88":0.2757818699,"89":0.2692630291,"90":0.2706768513,"91":0.2688219547,"92":0.2780780792,"93":0.2764549255,"94":0.2722740173,"95":0.280608654,"96":0.2778010368,"97":0.2759752274,"98":0.2690591812,"99":0.2744178772}}