{"N_PGs":{"0":8,"1":8,"2":8,"3":8,"4":8,"5":8,"6":8,"7":8,"8":8,"9":8,"10":13,"11":13,"12":13,"13":13,"14":13,"15":13,"16":13,"17":13,"18":13,"19":13,"20":21,"21":21,"22":21,"23":21,"24":21,"25":21,"26":21,"27":21,"28":21,"29":21,"30":34,"31":34,"32":34,"33":34,"34":34,"35":34,"36":34,"37":34,"38":34,"39":34,"40":55,"41":55,"42":55,"43":55,"44":55,"45":55,"46":55,"47":55,"48":55,"49":55,"50":89,"51":89,"52":89,"53":89,"54":89,"55":89,"56":89,"57":89,"58":89,"59":89,"60":144,"61":144,"62":144,"63":144,"64":144,"65":144,"66":144,"67":144,"68":144,"69":144,"70":233,"71":233,"72":233,"73":233,"74":233,"75":233,"76":233,"77":233,"78":233,"79":233,"80":377,"81":377,"82":377,"83":377,"84":377,"85":377,"86":377,"87":377,"88":377,"89":377,"90":610,"91":610,"92":610,"93":610,"94":610,"95":610,"96":610,"97":610,"98":610,"99":610},"accuracy":{"0":1.0,"1":0.999994278,"2":0.999994278,"3":0.999994278,"4":1.0,"5":1.0,"6":1.0,"7":1.0,"8":1.0,"9":0.999994278,"10":1.0,"11":1.0,"12":1.0,"13":1.0,"14":0.999994278,"15":0.999994278,"16":1.0,"17":1.0,"18":1.0,"19":1.0,"20":1.0,"21":1.0,"22":1.0,"23":1.0,"24":1.0,"25":0.999994278,"26":1.0,"27":1.0,"28":1.0,"29":1.0,"30":0.9999885559,"31":0.999994278,"32":1.0,"33":0.999994278,"34":1.0,"35":1.0,"36":1.0,"37":1.0,"38":1.0,"39":1.0,"40":1.0,"41":0.999994278,"42":1.0,"43":1.0,"44":1.0,"45":1.0,"46":1.0,"47":1.0,"48":1.0,"49":1.0,"50":1.0,"51":0.999994278,"52":0.999994278,"53":1.0,"54":1.0,"55":1.0,"56":0.999994278,"57":1.0,"58":1.0,"59":1.0,"60":0.999994278,"61":1.0,"62":1.0,"63":1.0,"64":1.0,"65":1.0,"66":1.0,"67":1.0,"68":1.0,"69":0.999994278,"70":1.0,"71":1.0,"72":1.0,"73":1.0,"74":0.999994278,"75":1.0,"76":0.9999885559,"77":0.9999885559,"78":0.999994278,"79":1.0,"80":0.999994278,"81":1.0,"82":1.0,"83":1.0,"84":1.0,"85":1.0,"86":1.0,"87":1.0,"88":1.0,"89":1.0,"90":1.0,"91":1.0,"92":1.0,"93":1.0,"94":1.0,"95":1.0,"96":1.0,"97":1.0,"98":1.0,"99":1.0},"TP":{"0":1.0,"1":0.9971510172,"2":0.9968051314,"3":0.9968944192,"4":1.0,"5":1.0,"6":1.0,"7":1.0,"8":1.0,"9":0.9973333478,"10":1.0,"11":1.0,"12":1.0,"13":1.0,"14":0.9971910119,"15":0.9969879389,"16":1.0,"17":1.0,"18":1.0,"19":1.0,"20":1.0,"21":1.0,"22":1.0,"23":1.0,"24":1.0,"25":0.9973890185,"26":1.0,"27":1.0,"28":1.0,"29":1.0,"30":0.9943977594,"31":0.9970588088,"32":1.0,"33":0.9971428514,"34":1.0,"35":1.0,"36":1.0,"37":1.0,"38":1.0,"39":1.0,"40":1.0,"41":0.9968944192,"42":1.0,"43":1.0,"44":1.0,"45":1.0,"46":1.0,"47":1.0,"48":1.0,"49":1.0,"50":1.0,"51":0.9971098304,"52":0.9969604611,"53":1.0,"54":1.0,"55":1.0,"56":0.9973118305,"57":1.0,"58":1.0,"59":1.0,"60":0.9972375631,"61":1.0,"62":1.0,"63":1.0,"64":1.0,"65":1.0,"66":1.0,"67":1.0,"68":1.0,"69":0.996978879,"70":1.0,"71":1.0,"72":1.0,"73":1.0,"74":0.9969969988,"75":1.0,"76":0.994134903,"77":0.9940476418,"78":0.9971346855,"79":1.0,"80":0.997297287,"81":1.0,"82":1.0,"83":1.0,"84":1.0,"85":1.0,"86":1.0,"87":1.0,"88":1.0,"89":1.0,"90":1.0,"91":1.0,"92":1.0,"93":1.0,"94":1.0,"95":1.0,"96":1.0,"97":1.0,"98":1.0,"99":1.0},"TN":{"0":1.0,"1":0.999997139,"2":0.999997139,"3":0.999997139,"4":1.0,"5":1.0,"6":1.0,"7":1.0,"8":1.0,"9":0.999997139,"10":1.0,"11":1.0,"12":1.0,"13":1.0,"14":0.999997139,"15":0.999997139,"16":1.0,"17":1.0,"18":1.0,"19":1.0,"20":1.0,"21":1.0,"22":1.0,"23":1.0,"24":1.0,"25":0.999997139,"26":1.0,"27":1.0,"28":1.0,"29":1.0,"30":0.999994278,"31":0.999997139,"32":1.0,"33":0.999997139,"34":1.0,"35":1.0,"36":1.0,"37":1.0,"38":1.0,"39":1.0,"40":1.0,"41":0.999997139,"42":1.0,"43":1.0,"44":1.0,"45":1.0,"46":1.0,"47":1.0,"48":1.0,"49":1.0,"50":1.0,"51":0.999997139,"52":0.999997139,"53":1.0,"54":1.0,"55":1.0,"56":0.999997139,"57":1.0,"58":1.0,"59":1.0,"60":0.999997139,"61":1.0,"62":1.0,"63":1.0,"64":1.0,"65":1.0,"66":1.0,"67":1.0,"68":1.0,"69":0.999997139,"70":1.0,"71":1.0,"72":1.0,"73":1.0,"74":0.999997139,"75":1.0,"76":0.999994278,"77":0.999994278,"78":0.999997139,"79":1.0,"80":0.999997139,"81":1.0,"82":1.0,"83":1.0,"84":1.0,"85":1.0,"86":1.0,"87":1.0,"88":1.0,"89":1.0,"90":1.0,"91":1.0,"92":1.0,"93":1.0,"94":1.0,"95":1.0,"96":1.0,"97":1.0,"98":1.0,"99":1.0},"time":{"0":0.281857729,"1":0.2583987713,"2":0.2489278316,"3":0.2603712082,"4":0.2449011803,"5":0.2662730217,"6":0.2492442131,"7":0.2583322525,"8":0.3049240112,"9":0.2663719654,"10":0.2477581501,"11":0.2535040379,"12":0.2550709248,"13":0.2645511627,"14":0.2636229992,"15":0.2508547306,"16":0.2781891823,"17":0.2622590065,"18":0.2571849823,"19":0.2480809689,"20":0.2646310329,"21":0.2622308731,"22":0.2549979687,"23":0.2470550537,"24":0.2555351257,"25":0.2498071194,"26":0.2549180984,"27":0.2487428188,"28":0.2491910458,"29":0.2513589859,"30":0.2456681728,"31":0.2491879463,"32":0.2471420765,"33":0.247800827,"34":0.2456531525,"35":0.2478652,"36":0.2481067181,"37":0.2452318668,"38":0.2435200214,"39":0.2463972569,"40":0.2562708855,"41":0.2532432079,"42":0.2490558624,"43":0.2478220463,"44":0.2608709335,"45":0.2640900612,"46":0.248169899,"47":0.2481160164,"48":0.2806899548,"49":0.2752230167,"50":0.2540090084,"51":0.2506020069,"52":0.2488429546,"53":0.2434089184,"54":0.2468810081,"55":0.2604076862,"56":0.2513420582,"57":0.2468810081,"58":0.2644059658,"59":0.2481410503,"60":0.250595808,"61":0.2571778297,"62":0.2483241558,"63":0.2517979145,"64":0.2744319439,"65":0.2699108124,"66":0.245071888,"67":0.2455732822,"68":0.2549648285,"69":0.2569870949,"70":0.2519202232,"71":0.2608268261,"72":0.2645161152,"73":0.2537438869,"74":0.256043911,"75":0.2777173519,"76":0.2784497738,"77":0.2719180584,"78":0.2687251568,"79":0.2995321751,"80":0.2757880688,"81":0.2518968582,"82":0.2682509422,"83":0.2503962517,"84":0.2553458214,"85":0.2556562424,"86":0.2527298927,"87":0.2779119015,"88":0.2500839233,"89":0.2554597855,"90":0.2561371326,"91":0.2445161343,"92":0.2496907711,"93":0.2544612885,"94":0.2530827522,"95":0.2470920086,"96":0.251251936,"97":0.2511429787,"98":0.2559490204,"99":0.2685818672}}