{"N_PG_time":{"0":1,"1":1,"2":1,"3":1,"4":1,"5":1,"6":1,"7":1,"8":1,"9":1,"10":3,"11":3,"12":3,"13":3,"14":3,"15":3,"16":3,"17":3,"18":3,"19":3,"20":7,"21":7,"22":7,"23":7,"24":7,"25":7,"26":7,"27":7,"28":7,"29":7,"30":15,"31":15,"32":15,"33":15,"34":15,"35":15,"36":15,"37":15,"38":15,"39":15,"40":31,"41":31,"42":31,"43":31,"44":31,"45":31,"46":31,"47":31,"48":31,"49":31,"50":63,"51":63,"52":63,"53":63,"54":63,"55":63,"56":63,"57":63,"58":63,"59":63,"60":127,"61":127,"62":127,"63":127,"64":127,"65":127,"66":127,"67":127,"68":127,"69":127},"accuracy":{"0":1.0,"1":1.0,"2":1.0,"3":1.0,"4":1.0,"5":1.0,"6":1.0,"7":1.0,"8":1.0,"9":1.0,"10":0.9979436398,"11":0.9980971217,"12":0.9982170463,"13":0.99807477,"14":0.9979938865,"15":0.9979352951,"16":0.9983426332,"17":0.9981696606,"18":0.9980775714,"19":0.9979771376,"20":0.9986188412,"21":0.9985881448,"22":0.9985714555,"23":0.9986579418,"24":0.9986774325,"25":0.9986495376,"26":0.9987862706,"27":0.9986048937,"28":0.9986718893,"29":0.9987304807,"30":0.9991350174,"31":0.9990876317,"32":0.9989843965,"33":0.9990122914,"34":0.9989983439,"35":0.9989983439,"36":0.9990513325,"37":0.9991322756,"38":0.9988309145,"39":0.9990317822,"40":0.9995926619,"41":0.9997349381,"42":0.9996595979,"43":0.9997237921,"44":0.9995675087,"45":0.9996205568,"46":0.9996317029,"47":0.9996986389,"48":0.9996038079,"49":0.9996902943,"50":0.9999386072,"51":0.9999665022,"52":0.9999386072,"53":0.9999051094,"54":0.9998884201,"55":0.9999386072,"56":0.9999442101,"57":0.9999553561,"58":0.9998967648,"59":0.9999274611,"60":0.9999943972,"61":0.9999943972,"62":0.9999943972,"63":1.0,"64":0.9999943972,"65":0.9999943972,"66":0.9999888539,"67":1.0,"68":0.9999943972,"69":1.0},"TP":{"0":null,"1":null,"2":null,"3":null,"4":null,"5":null,"6":null,"7":null,"8":null,"9":null,"10":0.018421052,"11":0.0254957508,"12":0.033033032,"13":0.027777778,"14":0.0294906162,"15":0.0235602092,"16":0.0,"17":0.0350877196,"18":0.0363128483,"19":0.0134408604,"20":0.3097825944,"21":0.3072776198,"22":0.3139841557,"23":0.3100558519,"24":0.3324175775,"25":0.3450134695,"26":0.3844011128,"27":0.3435114622,"28":0.290322572,"29":0.357541889,"30":0.5246376991,"31":0.5185185075,"32":0.4567164183,"33":0.4829545319,"34":0.5143603086,"35":0.4599406421,"36":0.4771428704,"37":0.4702194333,"38":0.4601542354,"39":0.4317460358,"40":0.790055275,"41":0.852852881,"42":0.8247126341,"43":0.8622589707,"44":0.7818182111,"45":0.7865853906,"46":0.8119658232,"47":0.8343195319,"48":0.7905604839,"49":0.8192771077,"50":0.9665653706,"51":0.9812499881,"52":0.9682080746,"53":0.9507246614,"54":0.939759016,"55":0.9682080746,"56":0.9706745148,"57":0.9761904478,"58":0.9406250119,"59":0.9618768096,"60":0.9968152642,"61":0.9968847632,"62":0.9970588088,"63":1.0,"64":0.9966443181,"65":0.9965397716,"66":0.9937106967,"67":1.0,"68":0.9967637658,"69":1.0},"TN":{"0":1.0,"1":1.0,"2":1.0,"3":1.0,"4":1.0,"5":1.0,"6":1.0,"7":1.0,"8":1.0,"9":1.0,"10":0.9989833236,"11":0.9990559816,"12":0.9991146922,"13":0.9990503788,"14":0.9990028739,"15":0.9989749193,"16":0.9991706014,"17":0.9990895391,"18":0.9990392327,"19":0.9990000725,"20":0.9993268847,"21":0.999304533,"22":0.9992961287,"23":0.9993464351,"24":0.9993548393,"25":0.9993268847,"26":0.9994022846,"27":0.9993240237,"28":0.9993464947,"29":0.9993715882,"30":0.9995922446,"31":0.9995587468,"32":0.9994916916,"33":0.9995196462,"34":0.9995167851,"35":0.9995056987,"36":0.9995614886,"37":0.9996034503,"38":0.9994162321,"39":0.9995308518,"40":0.9998044968,"41":0.999871552,"42":0.9998296499,"43":0.9998631477,"44":0.9998016953,"45":0.9998157024,"46":0.9998156428,"47":0.9998548031,"48":0.9998016953,"49":0.9998575449,"50":0.9999693036,"51":0.9999832511,"52":0.9999693036,"53":0.9999524951,"54":0.9999441504,"55":0.9999693036,"56":0.9999720454,"57":0.9999776483,"58":0.9999497533,"59":0.9999637008,"60":0.9999971986,"61":0.9999971986,"62":0.9999971986,"63":1.0,"64":0.9999971986,"65":0.9999971986,"66":0.9999943972,"67":1.0,"68":0.9999971986,"69":1.0},"time":{"0":0.0650699139,"1":0.0370178223,"2":0.038269043,"3":0.0367238522,"4":0.0381548405,"5":0.0403747559,"6":0.0396809578,"7":0.0338289738,"8":0.0329451561,"9":0.0353877544,"10":0.0431470871,"11":0.0409970284,"12":0.0404129028,"13":0.0405080318,"14":0.0403132439,"15":0.0424180031,"16":0.0431642532,"17":0.0484900475,"18":0.047976017,"19":0.0439720154,"20":0.0549781322,"21":0.0521731377,"22":0.0495371819,"23":0.0490121841,"24":0.0527276993,"25":0.0581758022,"26":0.0576412678,"27":0.0562899113,"28":0.064426899,"29":0.064357996,"30":0.0809648037,"31":0.0755012035,"32":0.0700967312,"33":0.0707421303,"34":0.0688681602,"35":0.0694711208,"36":0.0719428062,"37":0.0867240429,"38":0.0800130367,"39":0.0696032047,"40":0.1135222912,"41":0.1001160145,"42":0.1031830311,"43":0.1085801125,"44":0.1142029762,"45":0.1175260544,"46":0.127851963,"47":0.1127240658,"48":0.1070332527,"49":0.1245708466,"50":0.1918809414,"51":0.186442852,"52":0.1790819168,"53":0.1707139015,"54":0.1731350422,"55":0.1706240177,"56":0.1680977345,"57":0.1692430973,"58":0.1718342304,"59":0.1852269173,"60":0.3209311962,"61":0.3130149841,"62":0.3170452118,"63":0.3258450031,"64":0.3144681454,"65":0.3039858341,"66":0.3113749027,"67":0.3178529739,"68":0.342758894,"69":0.374078989}}